{
    "loss": 1.7263747453689575,
    "accuracy": 0.7675577998161316
}